MD,INCL,AZIMUTH,TVD,TVDSS,N(+),E(+),VS,DL/100',UTM X,UTM Y
0.000,0.000,0.000,0.000,1352.093,0.000,0.000,0.000,0.000,744436.760,9287317.159,
55.000,0.230,228.248,55.000,1297.093,-0.074,-0.082,0.036,0.125,744436.678,9287317.085,
60.000,0.200,232.608,60.000,1292.093,-0.085,-0.097,0.042,0.205,744436.663,9287317.073,
65.000,0.180,236.748,65.000,1287.093,-0.095,-0.110,0.049,0.145,744436.650,9287317.064,
70.000,0.160,239.858,70.000,1282.093,-0.103,-0.123,0.057,0.132,744436.637,9287317.056,
75.000,0.200,234.868,75.000,1277.093,-0.111,-0.136,0.064,0.258,744436.624,9287317.047,
80.000,0.210,231.198,80.000,1272.093,-0.122,-0.150,0.071,0.099,744436.610,9287317.037,
85.000,0.180,236.308,85.000,1267.093,-0.132,-0.164,0.078,0.208,744436.596,9287317.027,
90.000,0.190,234.758,90.000,1262.093,-0.141,-0.177,0.085,0.067,744436.583,9287317.017,
95.000,0.170,237.878,95.000,1257.093,-0.150,-0.190,0.092,0.134,744436.570,9287317.009,
100.000,0.180,237.568,100.000,1252.093,-0.158,-0.203,0.100,0.060,744436.557,9287317.001,
105.000,0.200,233.858,105.000,1247.093,-0.168,-0.217,0.107,0.141,744436.543,9287316.991,
110.000,0.150,243.428,110.000,1242.093,-0.176,-0.230,0.114,0.346,744436.530,9287316.983,
115.000,0.130,245.808,115.000,1237.093,-0.181,-0.241,0.121,0.125,744436.519,9287316.978,
120.000,0.120,249.648,120.000,1232.093,-0.185,-0.251,0.128,0.078,744436.509,9287316.974,
125.000,0.130,247.488,125.000,1227.093,-0.189,-0.261,0.135,0.066,744436.499,9287316.970,
130.000,0.110,253.278,130.000,1222.093,-0.193,-0.271,0.142,0.140,744436.489,9287316.966,
135.000,0.130,246.028,134.999,1217.093,-0.196,-0.281,0.148,0.150,744436.479,9287316.962,
140.000,0.110,251.998,139.999,1212.093,-0.200,-0.290,0.155,0.141,744436.470,9287316.959,
145.000,0.080,261.858,144.999,1207.093,-0.202,-0.299,0.161,0.204,744436.462,9287316.957,
150.000,0.100,259.428,149.999,1202.093,-0.203,-0.306,0.167,0.122,744436.454,9287316.955,
155.000,0.080,262.008,154.999,1197.093,-0.205,-0.314,0.173,0.122,744436.446,9287316.954,
160.000,0.100,264.778,159.999,1192.093,-0.206,-0.322,0.180,0.123,744436.438,9287316.953,
165.000,0.090,270.708,164.999,1187.093,-0.206,-0.330,0.187,0.084,744436.430,9287316.953,
170.000,0.100,291.678,169.999,1182.093,-0.204,-0.338,0.194,0.216,744436.422,9287316.955,
175.000,0.120,293.558,174.999,1177.093,-0.201,-0.347,0.204,0.122,744436.413,9287316.958,
180.000,0.140,302.428,179.999,1172.093,-0.195,-0.357,0.215,0.170,744436.403,9287316.964,
185.000,0.130,302.778,184.999,1167.093,-0.189,-0.367,0.227,0.060,744436.393,9287316.970,
190.000,0.140,305.328,189.999,1162.093,-0.182,-0.377,0.239,0.070,744436.384,9287316.977,
195.000,0.160,313.588,194.999,1157.093,-0.174,-0.387,0.252,0.176,744436.374,9287316.985,
200.000,0.180,317.228,199.999,1152.093,-0.163,-0.397,0.266,0.136,744436.363,9287316.995,
205.000,0.200,322.788,204.999,1147.093,-0.151,-0.408,0.281,0.163,744436.353,9287317.008,
210.000,0.170,315.438,209.999,1142.093,-0.138,-0.418,0.297,0.229,744436.342,9287317.020,
215.000,0.200,322.178,214.999,1137.094,-0.126,-0.429,0.312,0.222,744436.332,9287317.033,
220.000,0.180,316.418,219.999,1132.094,-0.114,-0.439,0.327,0.166,744436.321,9287317.045,
225.000,0.180,318.618,224.999,1127.094,-0.102,-0.450,0.342,0.041,744436.310,9287317.057,
230.000,0.210,321.718,229.999,1122.094,-0.089,-0.461,0.358,0.191,744436.299,9287317.070,
235.000,0.190,320.048,234.999,1117.094,-0.075,-0.472,0.374,0.125,744436.288,9287317.083,
240.000,0.210,322.268,239.999,1112.094,-0.062,-0.483,0.390,0.129,744436.277,9287317.097,
245.000,0.210,322.668,244.999,1107.094,-0.047,-0.494,0.407,0.009,744436.266,9287317.112,
250.000,0.240,329.128,249.999,1102.094,-0.031,-0.505,0.425,0.235,744436.255,9287317.128,
255.000,0.310,336.868,254.999,1097.094,-0.010,-0.516,0.445,0.475,744436.245,9287317.149,
260.000,0.360,341.028,259.999,1092.094,0.018,-0.526,0.467,0.333,744436.234,9287317.177,
265.000,0.430,345.698,264.999,1087.094,0.051,-0.536,0.492,0.462,744436.224,9287317.210,
270.000,0.470,346.948,269.999,1082.094,0.089,-0.545,0.519,0.247,744436.215,9287317.248,
275.000,0.520,347.768,274.998,1077.094,0.131,-0.554,0.547,0.303,744436.206,9287317.290,
280.000,0.520,347.738,279.998,1072.095,0.175,-0.564,0.578,0.002,744436.196,9287317.334,
285.000,0.550,348.188,284.998,1067.095,0.221,-0.574,0.608,0.182,744436.186,9287317.380,
290.000,0.550,348.068,289.998,1062.095,0.268,-0.584,0.640,0.007,744436.176,9287317.427,
295.000,0.520,346.768,294.998,1057.095,0.314,-0.594,0.671,0.194,744436.166,9287317.472,
300.000,0.550,348.098,299.997,1052.095,0.359,-0.604,0.702,0.195,744436.156,9287317.518,
305.000,0.520,346.518,304.997,1047.096,0.405,-0.614,0.734,0.201,744436.146,9287317.564,
310.000,0.550,346.438,309.997,1042.096,0.450,-0.625,0.766,0.180,744436.135,9287317.609,
315.000,0.560,347.088,314.997,1037.096,0.497,-0.636,0.798,0.071,744436.124,9287317.656,
320.000,0.560,347.138,319.996,1032.096,0.545,-0.647,0.831,0.003,744436.113,9287317.704,
325.000,0.580,347.008,324.996,1027.097,0.593,-0.658,0.865,0.120,744436.102,9287317.752,
330.000,0.560,346.118,329.996,1022.097,0.642,-0.670,0.898,0.131,744436.090,9287317.801,
335.000,0.610,343.348,334.996,1017.097,0.691,-0.683,0.934,0.345,744436.077,9287317.850,
340.000,0.680,343.178,339.995,1012.097,0.745,-0.699,0.975,0.420,744436.061,9287317.904,
345.000,0.620,337.328,344.995,1007.098,0.798,-0.719,1.018,0.536,744436.042,9287317.957,
350.000,0.630,347.728,349.995,1002.098,0.850,-0.735,1.057,0.682,744436.025,9287318.009,
355.000,0.680,351.028,354.994,997.098,0.906,-0.745,1.094,0.376,744436.015,9287318.065,
360.000,0.690,349.728,359.994,992.099,0.965,-0.755,1.131,0.111,744436.005,9287318.124,
365.000,0.710,347.358,364.994,987.099,1.025,-0.767,1.171,0.211,744435.993,9287318.184,
370.000,0.790,341.538,369.993,982.100,1.088,-0.785,1.218,0.662,744435.975,9287318.247,
375.000,0.820,338.538,374.993,977.100,1.154,-0.809,1.271,0.310,744435.951,9287318.313,
380.000,0.840,336.128,379.992,972.101,1.221,-0.837,1.328,0.241,744435.923,9287318.380,
385.000,0.840,337.158,384.992,967.101,1.288,-0.866,1.386,0.091,744435.894,9287318.447,
390.000,0.850,337.708,389.991,962.102,1.356,-0.894,1.444,0.077,744435.866,9287318.515,
395.000,0.860,336.118,394.991,957.102,1.425,-0.924,1.503,0.154,744435.837,9287318.584,
400.000,0.850,336.268,399.990,952.103,1.493,-0.954,1.563,0.061,744435.806,9287318.652,
405.000,0.860,335.448,404.990,947.103,1.561,-0.984,1.623,0.095,744435.776,9287318.720,
410.000,0.850,336.438,409.989,942.104,1.629,-1.015,1.683,0.107,744435.745,9287318.788,
415.000,0.870,337.988,414.988,937.104,1.698,-1.044,1.742,0.184,744435.716,9287318.857,
420.000,0.880,336.178,419.988,932.105,1.769,-1.073,1.803,0.176,744435.687,9287318.928,
425.000,0.870,338.208,424.987,927.106,1.839,-1.103,1.863,0.195,744435.657,9287318.998,
430.000,0.860,337.858,429.987,922.106,1.909,-1.131,1.922,0.068,744435.629,9287319.068,
435.000,0.870,339.028,434.986,917.107,1.979,-1.159,1.981,0.122,744435.601,9287319.138,
440.000,0.890,337.158,439.986,912.107,2.051,-1.188,2.040,0.210,744435.572,9287319.209,
445.000,0.870,337.888,444.985,907.108,2.121,-1.217,2.101,0.138,744435.543,9287319.280,
450.000,0.880,339.698,449.984,902.108,2.193,-1.245,2.160,0.176,744435.515,9287319.351,
455.000,0.890,338.868,454.984,897.109,2.265,-1.272,2.219,0.098,744435.488,9287319.424,
460.000,0.900,338.018,459.983,892.110,2.338,-1.301,2.280,0.100,744435.459,9287319.496,
465.000,0.910,339.238,464.982,887.110,2.411,-1.329,2.341,0.130,744435.431,9287319.570,
470.000,0.930,340.398,469.982,882.111,2.486,-1.357,2.402,0.164,744435.403,9287319.645,
475.000,0.970,340.068,474.981,877.112,2.564,-1.385,2.464,0.242,744435.375,9287319.723,
480.000,0.990,339.718,479.980,872.112,2.645,-1.415,2.529,0.125,744435.346,9287319.804,
485.000,1.000,340.398,484.980,867.113,2.726,-1.444,2.595,0.093,744435.316,9287319.885,
490.000,1.010,341.178,489.979,862.114,2.809,-1.473,2.661,0.102,744435.287,9287319.968,
495.000,1.020,347.638,494.978,857.115,2.894,-1.497,2.724,0.689,744435.263,9287320.053,
500.000,1.030,343.718,499.977,852.115,2.981,-1.519,2.785,0.425,744435.241,9287320.140,
505.000,1.050,342.298,504.977,847.116,3.068,-1.545,2.851,0.196,744435.215,9287320.227,
510.000,1.080,343.438,509.976,842.117,3.157,-1.573,2.918,0.220,744435.187,9287320.315,
515.000,1.100,345.598,514.975,837.118,3.248,-1.598,2.985,0.274,744435.162,9287320.407,
520.000,1.160,349.058,519.974,832.119,3.344,-1.620,3.051,0.545,744435.140,9287320.503,
525.000,1.210,350.508,524.973,827.120,3.446,-1.638,3.117,0.350,744435.122,9287320.605,
530.000,1.230,351.448,529.972,822.121,3.551,-1.655,3.183,0.170,744435.105,9287320.710,
535.000,1.240,353.198,534.970,817.122,3.658,-1.669,3.248,0.234,744435.091,9287320.817,
540.000,1.270,354.048,539.969,812.124,3.767,-1.681,3.312,0.212,744435.079,9287320.926,
545.000,1.290,356.168,544.968,807.125,3.878,-1.691,3.375,0.308,744435.069,9287321.037,
550.000,1.310,357.518,549.967,802.126,3.991,-1.697,3.436,0.219,744435.063,9287321.150,
555.000,1.370,359.408,554.965,797.127,4.108,-1.700,3.496,0.447,744435.060,9287321.267,
560.000,1.420,2.098,559.964,792.129,4.230,-1.698,3.554,0.494,744435.062,9287321.389,
565.000,1.450,3.188,564.962,787.131,4.355,-1.693,3.610,0.243,744435.067,9287321.514,
570.000,1.510,6.298,569.961,782.132,4.484,-1.682,3.664,0.601,744435.078,9287321.643,
575.000,1.530,6.448,574.959,777.134,4.615,-1.667,3.716,0.122,744435.093,9287321.774,
580.000,1.540,6.858,579.957,772.136,4.749,-1.652,3.768,0.089,744435.108,9287321.907,
585.000,1.560,6.818,584.955,767.138,4.883,-1.636,3.819,0.120,744435.125,9287322.042,
590.000,1.570,6.998,589.953,762.139,5.018,-1.619,3.871,0.067,744435.141,9287322.177,
595.000,1.580,8.198,594.951,757.141,5.155,-1.601,3.922,0.207,744435.159,9287322.313,
600.000,1.600,7.148,599.950,752.143,5.292,-1.582,3.974,0.212,744435.178,9287322.451,
605.000,1.620,6.718,604.948,747.145,5.432,-1.566,4.027,0.140,744435.195,9287322.590,
610.000,1.640,6.688,609.946,742.147,5.573,-1.549,4.082,0.120,744435.211,9287322.732,
615.000,1.690,6.038,614.943,737.149,5.717,-1.533,4.139,0.321,744435.227,9287322.876,
620.000,1.680,0.888,619.941,732.152,5.864,-1.524,4.203,0.910,744435.236,9287323.023,
625.000,1.780,4.578,624.939,727.154,6.014,-1.517,4.270,0.898,744435.244,9287323.173,
630.000,1.860,6.778,629.936,722.156,6.172,-1.501,4.334,0.637,744435.259,9287323.331,
635.000,1.890,6.908,634.934,717.159,6.335,-1.481,4.397,0.182,744435.279,9287323.494,
640.000,1.910,6.738,639.931,712.162,6.499,-1.462,4.460,0.125,744435.299,9287323.658,
645.000,1.940,6.708,644.928,707.165,6.666,-1.442,4.525,0.180,744435.318,9287323.825,
650.000,1.970,7.768,649.925,702.168,6.835,-1.420,4.589,0.282,744435.340,9287323.994,
655.000,2.010,8.808,654.922,697.171,7.007,-1.395,4.652,0.323,744435.365,9287324.166,
660.000,2.030,9.038,659.919,692.174,7.181,-1.368,4.713,0.129,744435.392,9287324.340,
665.000,2.060,10.718,664.916,687.177,7.357,-1.337,4.773,0.402,744435.423,9287324.516,
670.000,2.100,13.408,669.913,682.180,7.535,-1.299,4.826,0.633,744435.461,9287324.693,
675.000,2.170,16.718,674.909,677.184,7.714,-1.251,4.872,0.851,744435.509,9287324.873,
680.000,2.260,20.398,679.905,672.187,7.897,-1.189,4.908,1.010,744435.571,9287325.056,
685.000,2.320,23.288,684.902,667.191,8.083,-1.115,4.934,0.781,744435.645,9287325.242,
690.000,2.370,25.548,689.897,662.195,8.269,-1.030,4.952,0.631,744435.730,9287325.428,
695.000,2.460,27.668,694.893,657.200,8.457,-0.936,4.962,0.761,744435.824,9287325.616,
700.000,2.510,28.858,699.888,652.205,8.648,-0.833,4.966,0.431,744435.927,9287325.807,
705.000,2.520,29.228,704.883,647.209,8.840,-0.727,4.967,0.114,744436.033,9287325.999,
710.000,2.540,29.458,709.878,642.214,9.032,-0.619,4.967,0.135,744436.141,9287326.191,
715.000,2.580,29.608,714.873,637.219,9.227,-0.509,4.967,0.243,744436.252,9287326.386,
720.000,2.590,29.438,719.868,632.224,9.423,-0.398,4.966,0.076,744436.363,9287326.582,
725.000,2.590,29.688,724.863,627.230,9.619,-0.286,4.965,0.068,744436.474,9287326.778,
730.000,2.600,29.938,729.858,622.235,9.816,-0.173,4.963,0.091,744436.587,9287326.975,
735.000,2.620,29.668,734.853,617.240,10.013,-0.060,4.962,0.141,744436.700,9287327.172,
740.000,2.630,29.168,739.848,612.245,10.213,0.052,4.961,0.150,744436.812,9287327.372,
745.000,2.660,29.038,744.842,607.250,10.415,0.164,4.962,0.184,744436.925,9287327.573,
750.000,2.700,29.328,749.837,602.256,10.619,0.278,4.963,0.253,744437.039,9287327.777,
755.000,2.760,29.418,754.831,597.262,10.826,0.395,4.963,0.361,744437.155,9287327.985,
760.000,2.790,28.918,759.825,592.267,11.038,0.513,4.964,0.231,744437.273,9287328.196,
765.000,2.810,28.778,764.819,587.273,11.251,0.631,4.966,0.127,744437.391,9287328.410,
770.000,2.830,28.748,769.813,582.279,11.467,0.749,4.969,0.120,744437.510,9287328.626,
775.000,2.870,28.838,774.807,577.286,11.685,0.869,4.971,0.241,744437.629,9287328.844,
780.000,2.900,28.878,779.801,572.292,11.905,0.991,4.973,0.180,744437.751,9287329.064,
785.000,2.950,29.178,784.794,567.298,12.128,1.114,4.975,0.314,744437.875,9287329.287,
790.000,3.000,29.438,789.788,562.305,12.355,1.241,4.975,0.311,744438.002,9287329.514,
795.000,3.070,29.858,794.781,557.312,12.585,1.372,4.974,0.441,744438.133,9287329.744,
800.000,3.170,30.298,799.773,552.320,12.820,1.509,4.970,0.617,744438.269,9287329.979,
805.000,3.300,31.018,804.765,547.328,13.063,1.653,4.964,0.817,744438.413,9287330.222,
810.000,3.380,31.558,809.757,542.336,13.312,1.804,4.954,0.516,744438.564,9287330.471,
815.000,3.480,32.108,814.748,537.345,13.566,1.962,4.941,0.632,744438.722,9287330.725,
820.000,3.660,33.508,819.738,532.355,13.828,2.131,4.922,1.200,744438.891,9287330.987,
825.000,3.880,35.078,824.727,527.366,14.099,2.316,4.894,1.458,744439.076,9287331.258,
830.000,4.050,36.318,829.715,522.378,14.380,2.518,4.855,1.142,744439.278,9287331.539,
835.000,4.280,37.388,834.702,517.391,14.670,2.736,4.808,1.457,744439.496,9287331.829,
840.000,4.420,38.218,839.688,512.405,14.970,2.968,4.752,0.921,744439.728,9287332.129,
845.000,4.500,38.678,844.673,507.420,15.275,3.210,4.691,0.526,744439.970,9287332.433,
850.000,4.550,38.928,849.657,502.436,15.582,3.457,4.626,0.322,744440.217,9287332.741,
855.000,4.570,39.098,854.641,497.452,15.891,3.707,4.559,0.145,744440.467,9287333.050,
860.000,4.600,39.188,859.625,492.468,16.201,3.960,4.491,0.185,744440.720,9287333.360,
865.000,4.620,39.258,864.609,487.484,16.512,4.214,4.423,0.125,744440.974,9287333.671,
870.000,4.660,39.548,869.593,482.500,16.825,4.470,4.352,0.278,744441.231,9287333.983,
875.000,4.700,39.708,874.576,477.517,17.139,4.731,4.279,0.252,744441.491,9287334.298,
880.000,4.700,39.768,879.559,472.534,17.454,4.993,4.205,0.029,744441.753,9287334.613,
885.000,4.710,39.778,884.542,467.551,17.769,5.255,4.131,0.060,744442.015,9287334.928,
890.000,4.740,39.748,889.525,462.568,18.086,5.518,4.057,0.181,744442.278,9287335.245,
895.000,4.760,39.848,894.508,457.585,18.404,5.783,3.982,0.130,744442.543,9287335.563,
900.000,4.790,40.108,899.491,452.602,18.723,6.051,3.905,0.222,744442.811,9287335.882,
905.000,4.810,40.448,904.473,447.620,19.042,6.321,3.826,0.209,744443.081,9287336.201,
910.000,4.860,40.628,909.455,442.637,19.362,6.595,3.744,0.314,744443.355,9287336.521,
915.000,4.880,40.798,914.437,437.655,19.684,6.872,3.661,0.148,744443.632,9287336.843,
920.000,4.890,40.828,919.419,432.674,20.006,7.150,3.576,0.062,744443.910,9287337.165,
925.000,4.930,40.728,924.401,427.692,20.330,7.430,3.491,0.245,744444.190,9287337.489,
930.000,4.980,40.878,929.382,422.711,20.657,7.712,3.405,0.310,744444.472,9287337.816,
935.000,5.010,40.998,934.363,417.730,20.986,7.997,3.318,0.191,744444.757,9287338.145,
940.000,5.060,40.948,939.344,412.749,21.317,8.285,3.230,0.301,744445.045,9287338.476,
945.000,5.100,40.838,944.324,407.769,21.652,8.575,3.141,0.247,744445.335,9287338.811,
950.000,5.140,40.668,949.304,402.789,21.990,8.866,3.053,0.257,744445.626,9287339.149,
955.000,5.190,40.608,954.284,397.809,22.332,9.159,2.965,0.302,744445.919,9287339.490,
960.000,5.240,40.518,959.263,392.830,22.677,9.455,2.877,0.304,744446.215,9287339.836,
965.000,5.290,40.278,964.242,387.851,23.026,9.752,2.789,0.328,744446.512,9287340.185,
970.000,5.330,40.208,969.221,382.872,23.380,10.051,2.701,0.243,744446.811,9287340.538,
975.000,5.370,40.238,974.199,377.894,23.735,10.352,2.614,0.241,744447.112,9287340.894,
980.000,5.440,40.378,979.177,372.916,24.095,10.657,2.524,0.427,744447.417,9287341.253,
985.000,5.520,40.728,984.154,367.939,24.457,10.967,2.431,0.520,744447.727,9287341.616,
990.000,5.590,40.878,989.130,362.962,24.824,11.284,2.335,0.429,744448.044,9287341.983,
995.000,5.630,40.928,994.106,357.986,25.193,11.604,2.237,0.242,744448.364,9287342.352,
1000.000,5.640,41.048,999.082,353.011,25.564,11.926,2.138,0.093,744448.686,9287342.723,
1005.000,5.640,40.968,1004.058,348.035,25.935,12.248,2.039,0.047,744449.008,9287343.093,
1010.000,5.620,41.028,1009.034,343.059,26.305,12.570,1.940,0.125,744449.330,9287343.464,
1015.000,5.630,41.358,1014.010,338.083,26.674,12.893,1.840,0.203,744449.653,9287343.832,
1020.000,5.670,41.878,1018.986,333.107,27.042,13.220,1.735,0.390,744449.980,9287344.200,
1025.000,5.710,42.578,1023.961,328.132,27.409,13.553,1.625,0.481,744450.313,9287344.568,
1030.000,5.730,43.268,1028.936,323.157,27.774,13.892,1.508,0.430,744450.652,9287344.932,
1035.000,5.740,43.838,1033.911,318.182,28.136,14.236,1.385,0.347,744450.997,9287345.295,
1040.000,5.740,44.148,1038.886,313.207,28.495,14.584,1.259,0.186,744451.344,9287345.654,
1045.000,5.740,44.088,1043.861,308.232,28.854,14.932,1.132,0.036,744451.692,9287346.013,
1050.000,5.740,44.088,1048.836,303.257,29.214,15.280,1.004,0.000,744452.040,9287346.372,
1055.000,5.750,44.168,1053.811,298.282,29.573,15.628,0.877,0.077,744452.388,9287346.732,
1060.000,5.750,44.028,1058.786,293.307,29.933,15.977,0.749,0.084,744452.737,9287347.091,
1065.000,5.730,43.828,1063.760,288.332,30.293,16.324,0.623,0.170,744453.084,9287347.452,
1070.000,5.720,43.718,1068.735,283.357,30.653,16.669,0.499,0.089,744453.429,9287347.812,
1075.000,5.720,43.618,1073.711,278.382,31.013,17.013,0.376,0.060,744453.773,9287348.172,
1080.000,5.760,43.218,1078.686,273.407,31.377,17.357,0.255,0.339,744454.117,9287348.535,
1085.000,5.800,42.958,1083.660,268.433,31.744,17.701,0.135,0.287,744454.461,9287348.903,
1090.000,5.820,42.678,1088.634,263.458,32.116,18.045,0.017,0.208,744454.805,9287349.275,
1095.000,5.870,42.378,1093.608,258.484,32.491,18.389,-0.099,0.352,744455.149,9287349.650,
1100.000,5.910,42.198,1098.582,253.511,32.870,18.734,-0.214,0.264,744455.494,9287350.029,
1105.000,5.940,41.838,1103.555,248.537,33.254,19.080,-0.327,0.287,744455.840,9287350.413,
1110.000,5.950,41.638,1108.528,243.564,33.640,19.424,-0.438,0.138,744456.184,9287350.799,
1115.000,5.950,41.378,1113.501,238.591,34.028,19.768,-0.547,0.162,744456.528,9287351.187,
1120.000,5.960,41.308,1118.475,233.618,34.418,20.110,-0.655,0.074,744456.871,9287351.577,
1125.000,6.000,41.228,1123.447,228.645,34.809,20.454,-0.762,0.245,744457.214,9287351.968,
1130.000,6.000,41.048,1128.420,223.673,35.203,20.798,-0.869,0.113,744457.558,9287352.362,
1135.000,6.000,40.988,1133.393,218.700,35.597,21.141,-0.974,0.038,744457.901,9287352.756,
1140.000,6.030,40.848,1138.365,213.728,35.993,21.484,-1.079,0.200,744458.244,9287353.152,
1145.000,6.030,40.678,1143.337,208.755,36.391,21.827,-1.183,0.107,744458.587,9287353.550,
1150.000,6.050,40.518,1148.310,203.783,36.791,22.169,-1.286,0.157,744458.929,9287353.949,
1155.000,6.070,40.678,1153.282,198.811,37.191,22.513,-1.389,0.157,744459.273,9287354.350,
1160.000,6.080,40.728,1158.254,193.839,37.593,22.858,-1.493,0.068,744459.618,9287354.751,
1165.000,6.090,40.618,1163.225,188.867,37.995,23.203,-1.597,0.092,744459.964,9287355.153,
1170.000,6.100,40.658,1168.197,183.896,38.397,23.549,-1.701,0.065,744460.309,9287355.556,
1175.000,6.150,40.688,1173.169,178.924,38.802,23.897,-1.805,0.301,744460.657,9287355.961,
1180.000,6.200,40.828,1178.140,173.953,39.209,24.248,-1.912,0.313,744461.008,9287356.368,
1185.000,6.240,41.038,1183.110,168.983,39.619,24.603,-2.020,0.276,744461.363,9287356.778,
1190.000,6.280,41.208,1188.080,164.012,40.029,24.961,-2.132,0.265,744461.722,9287357.188,
1195.000,6.280,41.518,1193.050,159.042,40.440,25.323,-2.245,0.203,744462.083,9287357.599,
1200.000,6.310,41.898,1198.020,154.073,40.849,25.688,-2.363,0.308,744462.448,9287358.008,
1205.000,6.360,42.328,1202.990,149.103,41.258,26.058,-2.484,0.414,744462.818,9287358.417,
1210.000,6.420,43.118,1207.959,144.134,41.667,26.435,-2.613,0.639,744463.195,9287358.826,
1215.000,6.450,43.918,1212.927,139.166,42.074,26.821,-2.750,0.567,744463.581,9287359.232,
1220.000,6.460,45.088,1217.895,134.197,42.474,27.215,-2.897,0.791,744463.975,9287359.633,
1225.000,6.440,46.368,1222.864,129.229,42.867,27.617,-3.055,0.871,744464.377,9287360.025,
1230.000,6.390,47.778,1227.832,124.260,43.247,28.026,-3.225,0.992,744464.786,9287360.406,
1235.000,6.340,49.608,1232.802,119.291,43.613,28.443,-3.409,1.254,744465.203,9287360.772,
1240.000,6.250,51.118,1237.771,114.321,43.963,28.865,-3.605,1.131,744465.625,9287361.121,
1245.000,6.120,53.608,1242.742,109.350,44.292,29.291,-3.816,1.788,744466.051,9287361.450,
1250.000,5.950,55.828,1247.715,104.378,44.595,29.720,-4.041,1.732,744466.480,9287361.754,
1255.000,5.740,57.788,1252.689,99.404,44.874,30.146,-4.275,1.738,744466.906,9287362.033,
1260.000,5.540,59.898,1257.664,94.428,45.128,30.566,-4.517,1.728,744467.326,9287362.287,
1265.000,5.340,61.398,1262.642,89.451,45.361,30.979,-4.763,1.472,744467.740,9287362.520,
1270.000,5.090,63.338,1267.621,84.472,45.572,31.382,-5.010,1.835,744468.142,9287362.731,
1275.000,4.890,64.878,1272.602,79.490,45.762,31.773,-5.258,1.444,744468.533,9287362.921,
1280.000,4.700,66.598,1277.585,74.508,45.934,32.154,-5.506,1.429,744468.914,9287363.092,
1285.000,4.520,68.398,1282.569,69.524,46.088,32.525,-5.754,1.385,744469.285,9287363.246,
1290.000,4.360,69.688,1287.554,64.539,46.226,32.887,-6.001,1.132,744469.647,9287363.385,
1295.000,4.240,70.938,1292.540,59.553,46.352,33.240,-6.247,0.914,744470.000,9287363.511,
1300.000,4.120,71.198,1297.526,54.567,46.471,33.584,-6.489,0.729,744470.344,9287363.629,
1305.000,3.940,71.088,1302.514,49.579,46.584,33.917,-6.723,1.081,744470.677,9287363.743,
1310.000,3.850,70.818,1307.502,44.590,46.695,34.238,-6.949,0.551,744470.998,9287363.854,
1315.000,3.750,70.138,1312.491,39.601,46.806,34.550,-7.167,0.658,744471.310,9287363.965,
1320.000,3.640,69.458,1317.481,34.612,46.917,34.853,-7.376,0.710,744471.613,9287364.076,
1325.000,3.580,68.508,1322.471,29.622,47.030,35.146,-7.577,0.508,744471.907,9287364.189,
1330.000,3.550,67.438,1327.461,24.631,47.146,35.435,-7.771,0.438,744472.195,9287364.305,
1335.000,3.530,66.928,1332.452,19.641,47.266,35.719,-7.960,0.224,744472.479,9287364.425,
1340.000,3.510,66.028,1337.442,14.650,47.389,36.001,-8.145,0.353,744472.761,9287364.548,
1345.000,3.500,64.948,1342.433,9.660,47.515,36.279,-8.326,0.401,744473.039,9287364.674,
1350.000,3.480,63.668,1347.424,4.669,47.647,36.553,-8.500,0.483,744473.313,9287364.806,
1355.000,3.450,62.188,1352.415,-0.322,47.785,36.822,-8.667,0.566,744473.582,9287364.944,
1360.000,3.440,61.268,1357.406,-5.313,47.927,37.087,-8.828,0.337,744473.847,9287365.086,
1365.000,3.440,60.058,1362.397,-10.304,48.074,37.348,-8.984,0.436,744474.108,9287365.233,
1370.000,3.410,59.478,1367.388,-15.295,48.225,37.606,-9.135,0.275,744474.367,9287365.383,
1375.000,3.390,59.088,1372.379,-20.286,48.376,37.861,-9.283,0.183,744474.621,9287365.535,
1380.000,3.400,58.638,1377.370,-25.277,48.529,38.115,-9.429,0.171,744474.875,9287365.688,
1385.000,3.420,58.638,1382.361,-30.268,48.684,38.369,-9.574,0.120,744475.129,9287365.843,
1390.000,3.420,59.138,1387.352,-35.260,48.838,38.624,-9.721,0.179,744475.384,9287365.997,
1395.000,3.460,60.408,1392.343,-40.250,48.989,38.883,-9.873,0.516,744475.643,9287366.148,
1399.300,2.510,61.950,1396.637,-44.545,49.097,39.079,-9.991,6.651,744475.839,9287366.256,
1404.300,2.160,65.280,1401.633,-49.540,49.188,39.261,-10.105,2.251,744476.022,9287366.347,
1409.300,1.700,65.720,1406.630,-54.538,49.258,39.415,-10.204,2.761,744476.175,9287366.417,
1414.300,1.150,63.380,1411.629,-59.536,49.311,39.527,-10.276,3.318,744476.287,9287366.470,
1419.300,0.370,53.250,1416.628,-64.536,49.343,39.585,-10.311,4.731,744476.345,9287366.502,
1424.300,0.500,274.340,1421.628,-69.536,49.355,39.576,-10.298,4.896,744476.336,9287366.513,
1429.300,1.460,266.700,1426.628,-74.535,49.353,39.491,-10.224,5.800,744476.251,9287366.511,
1434.300,2.320,263.300,1431.625,-79.532,49.337,39.327,-10.089,5.201,744476.087,9287366.496,
1439.300,3.240,263.330,1436.619,-84.526,49.309,39.086,-9.893,5.520,744475.846,9287366.468,
1444.300,4.070,262.240,1441.609,-89.516,49.269,38.770,-9.637,4.997,744475.530,9287366.427,
1449.300,4.630,262.870,1446.594,-94.501,49.220,38.394,-9.333,3.372,744475.154,9287366.378,
1454.300,5.030,264.220,1451.576,-99.484,49.172,37.975,-8.992,2.495,744474.735,9287366.331,
1459.300,5.330,265.540,1456.556,-104.463,49.132,37.526,-8.620,1.937,744474.286,9287366.291,
1463.500,5.540,265.790,1460.737,-108.644,49.102,37.129,-8.289,1.510,744473.889,9287366.261,
1473.460,5.850,263.860,1470.648,-118.555,49.013,36.145,-7.475,1.097,744472.905,9287366.172,
1492.700,6.280,268.920,1489.780,-137.688,48.888,34.118,-5.769,1.069,744470.878,9287366.047,
1521.850,6.540,273.170,1518.748,-166.655,48.950,30.866,-2.905,0.557,744467.626,9287366.109,
1550.120,6.760,272.420,1546.828,-194.735,49.109,27.596,0.023,0.251,744464.356,9287366.268,
1579.430,6.700,273.110,1575.936,-223.843,49.275,24.166,3.095,0.103,744460.926,9287366.433,
1607.930,7.920,277.250,1604.204,-252.111,49.613,20.557,6.405,1.398,744457.318,9287366.771,
1636.260,9.250,283.260,1632.217,-280.124,50.381,16.405,10.401,1.697,744453.165,9287367.540,
1665.050,10.010,284.040,1660.601,-308.508,51.519,11.725,15.038,0.804,744448.485,9287368.678,
1693.730,10.750,283.040,1688.811,-336.718,52.727,6.701,20.009,0.797,744443.461,9287369.886,
1723.400,11.770,282.650,1717.910,-365.817,54.014,1.053,25.563,1.034,744437.813,9287371.173,
1752.120,12.100,282.150,1746.009,-393.916,55.289,-4.748,31.244,0.361,744432.012,9287372.448,
1781.280,11.810,286.560,1774.537,-422.444,56.783,-10.596,37.074,0.986,744426.164,9287373.942,
1810.040,11.920,288.000,1802.683,-450.590,58.540,-16.242,42.855,0.329,744420.518,9287375.699,
1839.520,12.270,287.170,1831.508,-479.415,60.405,-22.131,48.902,0.398,744414.630,9287377.564,
1868.050,12.490,287.080,1859.375,-507.282,62.206,-27.976,54.880,0.232,744408.784,9287379.365,
1897.140,12.700,286.910,1887.765,-535.672,64.060,-34.042,61.076,0.220,744402.718,9287381.219,
1926.060,12.550,286.570,1915.985,-563.893,65.881,-40.095,67.245,0.174,744396.665,9287383.040,
1955.050,12.890,287.000,1944.264,-592.171,67.725,-46.207,73.475,0.365,744390.554,9287384.884,
1983.700,13.090,288.010,1972.181,-620.088,69.662,-52.348,79.777,0.317,744384.412,9287386.821,
2012.430,13.190,288.330,2000.159,-648.066,71.699,-58.553,86.185,0.129,744378.207,9287388.858,
2041.020,13.360,288.130,2027.985,-675.892,73.753,-64.789,92.626,0.185,744371.971,9287390.911,
2070.240,12.710,287.010,2056.452,-704.359,75.743,-71.071,99.078,0.716,744365.689,9287392.902,
2098.830,12.880,288.700,2084.332,-732.239,77.685,-77.097,105.282,0.431,744359.663,9287394.844,
2127.320,12.890,288.960,2112.104,-760.011,79.736,-83.110,111.528,0.062,744353.650,9287396.895,
2155.680,13.180,288.700,2139.733,-787.641,81.800,-89.164,117.816,0.313,744347.596,9287398.959,
2184.600,13.370,289.010,2167.881,-815.788,83.946,-95.449,124.346,0.210,744341.311,9287401.105,
2213.650,13.340,290.250,2196.145,-844.052,86.200,-101.768,130.959,0.297,744334.992,9287403.359,
2241.870,13.500,290.650,2223.595,-871.502,88.489,-107.905,137.430,0.197,744328.855,9287405.648,
2256.820,13.770,289.360,2238.123,-886.031,89.694,-111.217,140.907,0.816,744325.544,9287406.853,
2270.870,13.690,289.200,2251.772,-899.679,90.795,-114.364,144.190,0.189,744322.396,9287407.954,
2299.740,13.470,288.800,2279.835,-927.742,93.002,-120.774,150.858,0.249,744315.986,9287410.161,
2328.080,14.080,288.510,2307.359,-955.267,95.160,-127.167,157.489,0.650,744309.593,9287412.319,
2357.030,14.220,287.730,2335.431,-983.338,97.361,-133.893,164.430,0.245,744302.867,9287414.520,
2385.610,14.180,287.150,2363.138,-1011.045,99.462,-140.582,171.290,0.155,744296.178,9287416.621,
2417.170,13.830,287.220,2393.760,-1041.667,101.719,-147.879,178.756,0.333,744288.882,9287418.878,
2443.220,13.910,286.860,2419.050,-1066.957,103.549,-153.849,184.857,0.136,744282.911,9287420.708,
2472.180,13.980,286.940,2447.157,-1095.064,105.578,-160.527,191.672,0.075,744276.233,9287422.736,
2500.720,13.670,286.030,2474.870,-1122.777,107.513,-167.066,198.320,0.398,744269.694,9287424.672,
2530.050,13.990,287.330,2503.350,-1151.257,109.526,-173.781,205.160,0.456,744262.979,9287426.685,
2557.610,14.030,287.080,2530.090,-1177.997,111.500,-180.155,211.682,0.079,744256.605,9287428.659,
2586.590,13.610,289.370,2558.231,-1206.138,113.663,-186.729,218.473,0.714,744250.031,9287430.821,
2615.300,13.370,291.720,2586.149,-1234.056,116.011,-193.000,225.090,0.625,744243.760,9287433.170,
2643.890,13.510,294.170,2613.956,-1261.864,118.602,-199.118,231.692,0.615,744237.643,9287435.761,
2672.920,12.660,296.170,2642.232,-1290.140,121.394,-205.066,238.245,0.995,744231.694,9287438.552,
2701.950,11.760,299.630,2670.606,-1318.513,124.259,-210.493,244.380,1.198,744226.267,9287441.418,
2730.660,10.940,301.190,2698.754,-1346.661,127.117,-215.367,250.029,0.915,744221.393,9287444.275,
2759.630,10.540,303.370,2727.217,-1375.124,129.998,-219.931,255.420,0.590,744216.829,9287447.157,
2783.710,9.520,305.680,2750.929,-1398.836,132.371,-223.388,259.596,1.366,744213.372,9287449.529,
2803.000,8.710,307.920,2769.975,-1417.882,134.199,-225.836,262.626,1.375,744210.924,9287451.358,
