Survey Report,,,,,,,,,,,,,,,
,,,,,,,,,,,,,,,
Report Date:,,,31-Jan-20,,,,,,Survey Calc Method:,,,Minimum Curvature                 ,,,
Client:,,,Oil Search Ltd,,,,,,DLS:,,,LUBINSKI,,,
Field:,,,Gobe, South East Gobe,,,,,,Vertical Section Azimuth:,,,199.43,,
Site:,,,Gobe X,,,,,,Vertical Section Origin:,,,0.00  N  m 0.00  E  m ,,,
Well:,,,Gobe Footwall 1,,,,,,TVD Reference Datum:,,,RT                                ,,,
Wellbore:,,,Gobe Footwall 1 ST1,,,,,,TVD Reference Elevation:,,,1286.37 m Above Mean Sea Level ,,,
Name:,,,Gobe Footwall 1 ST1,,,,,,Seabed/Ground Level Elevation:,,,1278.77 m Below Mean Sea Level ,,,
UWI/API number:,,, ,,,,,,Magnetic Declination (+E/W-):,,,4.64,,,
Geodetic system:,,,Universal Transverse Mercator,,,,,,Magnetic Field Strength:,,,41585.07,,,
Geodetic datum:,,,Australian Geodetic 1966,,,,,,Magnetic Dip:,,,-28.87,,,
Geodetic Zone:,,,Zone 54S (138 E to 144 E),,,,,,Declination Date:,,,13-Dec-19,,,
LAT/LONG:,,,6° 45' 32.115 S 143° 41' 45.835 E ,,,,,,Magnetic Model:,,,BGGM2019,,,
Northings/Eastings:,,, 9252073.14 N   798042.13 E ,,,,,,North Reference:,,,Grid,,,
Grid convergence (+E/W-).:,,,-0.32,,,,,,Total Corr. Mag North to Grid North:,,,4.96,,,
,,,,,,,,,Local Co-ords referenced to:,,,Well,,,
,,,,,,,,,,,,,,,
,,,,,,,,,,,,,,,
,,,,,,,,,,,,,,,
MD,Inc,Azi,TVD,TVDSS,V.Sec,+N/S-,+E/W-,DLS,BUILD,TURN,NORTHING,EASTING,LATITUDE,LONGITUDE,Comments
(m),(deg),(deg),   m    ,   m    ,   m    ,   m    ,   m    ,dega/30m,dega/30m,dega/30m,m,m,DD:MM:SS,DD:MM:SS,
,,,,,,,,,,,,,,,
0,0,0,0,-1286.37,0,0,0,0,0,0,9252073.14,798042.13,  6° 45' 32.12 S,143° 41' 45.83 E,    
53.62,0.37,208.56,53.62,-1232.75,0.17,-0.15,-0.08,0.21,0.21,0,9252072.99,798042.05,  6° 45' 32.12 S,143° 41' 45.83 E,    
67.42,0.51,223.6,67.42,-1218.95,0.27,-0.24,-0.15,0.39,0.3,32.7,9252072.9,798041.98,  6° 45' 32.12 S,143° 41' 45.83 E,    
94.38,0.68,224.02,94.38,-1191.99,0.53,-0.44,-0.34,0.19,0.19,0.47,9252072.7,798041.79,  6° 45' 32.13 S,143° 41' 45.82 E,    
139.19,0.61,232.63,139.18,-1147.19,0.97,-0.77,-0.71,0.08,-0.05,5.76,9252072.37,798041.42,  6° 45' 32.14 S,143° 41' 45.81 E,    
175.91,1.75,251.33,175.9,-1110.47,1.48,-1.07,-1.4,0.97,0.93,15.28,9252072.07,798040.73,  6° 45' 32.15 S,143° 41' 45.79 E,    
203.63,1.16,217.02,203.61,-1082.76,2.01,-1.43,-1.97,1.11,-0.64,-37.13,9252071.71,798040.16,  6° 45' 32.16 S,143° 41' 45.77 E,    
232.64,1.25,217.68,232.61,-1053.76,2.59,-1.92,-2.34,0.09,0.09,0.68,9252071.22,798039.79,  6° 45' 32.18 S,143° 41' 45.76 E,    
261.6,1.41,220.1,261.56,-1024.81,3.22,-2.44,-2.76,0.18,0.17,2.51,9252070.7,798039.37,  6° 45' 32.20 S,143° 41' 45.75 E,    
290.63,2.37,202.51,290.58,-995.79,4.15,-3.27,-3.22,1.15,0.99,-18.18,9252069.87,798038.91,  6° 45' 32.22 S,143° 41' 45.73 E,    
319.65,3.23,199.11,319.56,-966.81,5.57,-4.59,-3.72,0.91,0.89,-3.51,9252068.55,798038.41,  6° 45' 32.27 S,143° 41' 45.71 E,    
348.64,3.74,175.76,348.5,-937.87,7.25,-6.31,-3.92,1.55,0.53,-24.16,9252066.83,798038.21,  6° 45' 32.32 S,143° 41' 45.71 E,    
377.66,4.19,171.46,377.45,-908.92,9.06,-8.3,-3.69,0.56,0.47,-4.45,9252064.84,798038.44,  6° 45' 32.39 S,143° 41' 45.72 E,    
406.62,5.43,166.24,406.31,-880.06,11.14,-10.68,-3.21,1.36,1.28,-5.41,9252062.46,798038.92,  6° 45' 32.46 S,143° 41' 45.73 E,    
436.75,7.03,174.6,436.26,-850.11,14,-13.9,-2.7,1.83,1.59,8.32,9252059.24,798039.43,  6° 45' 32.57 S,143° 41' 45.75 E,    
467.43,8.05,175.73,466.67,-819.7,17.67,-17.91,-2.36,1.01,1,1.1,9252055.23,798039.77,  6° 45' 32.70 S,143° 41' 45.76 E,    
497.36,9.94,175.23,496.24,-790.13,21.95,-22.57,-1.99,1.9,1.89,-0.5,9252050.57,798040.14,  6° 45' 32.85 S,143° 41' 45.77 E,    
527.12,11.51,178.51,525.48,-760.89,27.07,-28.1,-1.7,1.7,1.58,3.31,9252045.04,798040.43,  6° 45' 33.03 S,143° 41' 45.78 E,    
557.01,13.31,180.21,554.67,-731.7,33.1,-34.52,-1.63,1.84,1.81,1.71,9252038.62,798040.5,  6° 45' 33.24 S,143° 41' 45.79 E,    
586.88,15.61,179.59,583.59,-702.78,40.13,-41.98,-1.62,2.32,2.31,-0.62,9252031.16,798040.51,  6° 45' 33.48 S,143° 41' 45.79 E,    
616.7,15.36,178.27,612.33,-674.04,47.59,-49.94,-1.47,0.43,-0.25,-1.33,9252023.2,798040.66,  6° 45' 33.74 S,143° 41' 45.80 E,    
646.59,15.36,177.23,641.15,-645.22,54.94,-57.85,-1.16,0.28,0,-1.04,9252015.29,798040.97,  6° 45' 34.00 S,143° 41' 45.81 E,    
676.39,15.33,182.19,669.89,-616.48,62.36,-65.73,-1.12,1.32,-0.03,4.99,9252007.41,798041.01,  6° 45' 34.25 S,143° 41' 45.81 E,    
706.21,14.7,188.9,698.69,-587.68,69.85,-73.41,-1.85,1.86,-0.63,6.75,9251999.73,798040.28,  6° 45' 34.50 S,143° 41' 45.79 E,    
736.01,14.65,189.64,727.52,-558.85,77.28,-80.86,-3.07,0.2,-0.05,0.74,9251992.28,798039.06,  6° 45' 34.75 S,143° 41' 45.75 E,    
765.84,15.14,186.36,756.35,-530.02,84.79,-88.45,-4.13,0.98,0.49,-3.3,9251984.69,798038,  6° 45' 34.99 S,143° 41' 45.72 E,    
795.72,15.4,189.13,785.17,-501.2,92.49,-96.25,-5.19,0.78,0.26,2.78,9251976.89,798036.94,  6° 45' 35.25 S,143° 41' 45.68 E,    
825.56,15.12,192.85,813.96,-472.41,100.26,-103.95,-6.69,1.02,-0.28,3.74,9251969.19,798035.44,  6° 45' 35.50 S,143° 41' 45.64 E,    
855.43,15.19,193.37,842.79,-443.58,108.02,-111.56,-8.46,0.15,0.07,0.52,9251961.58,798033.67,  6° 45' 35.75 S,143° 41' 45.58 E,    
885.2,15.46,194.99,871.5,-414.87,115.85,-119.19,-10.39,0.51,0.27,1.63,9251953.95,798031.74,  6° 45' 35.99 S,143° 41' 45.52 E,    
914.99,14.74,190.56,900.27,-386.1,123.56,-126.75,-12.11,1.37,-0.73,-4.46,9251946.39,798030.02,  6° 45' 36.24 S,143° 41' 45.46 E,    
944.73,14.97,188.93,929.01,-357.36,131.07,-134.26,-13.4,0.48,0.23,-1.64,9251938.88,798028.73,  6° 45' 36.49 S,143° 41' 45.42 E,    
974.45,14.72,191.39,957.74,-328.63,138.58,-141.75,-14.74,0.68,-0.25,2.48,9251931.39,798027.39,  6° 45' 36.73 S,143° 41' 45.38 E,    
1004.3,14.63,195.06,986.62,-299.75,146.1,-149.11,-16.47,0.94,-0.09,3.69,9251924.03,798025.66,  6° 45' 36.97 S,143° 41' 45.33 E,    
1054.71,15.72,193.59,1035.27,-251.1,159.24,-161.9,-19.73,0.69,0.65,-0.87,9251911.24,798022.4,  6° 45' 37.39 S,143° 41' 45.22 E,    
1093.94,15.92,194.12,1073.01,-213.36,169.88,-172.28,-22.29,0.19,0.15,0.41,9251900.86,798019.84,  6° 45' 37.72 S,143° 41' 45.14 E,    
1123.8,16.36,194.13,1101.7,-184.67,178.15,-180.33,-24.32,0.44,0.44,0.01,9251892.81,798017.81,  6° 45' 37.99 S,143° 41' 45.08 E,    
1153.69,16.55,192.58,1130.36,-156.01,186.57,-188.57,-26.27,0.48,0.19,-1.56,9251884.57,798015.86,  6° 45' 38.25 S,143° 41' 45.01 E,    
1183.56,16.21,190.04,1159.02,-127.35,194.91,-196.83,-27.92,0.8,-0.34,-2.55,9251876.31,798014.21,  6° 45' 38.52 S,143° 41' 44.96 E,    
1213.46,16.32,187.97,1187.72,-98.65,203.14,-205.1,-29.23,0.59,0.11,-2.08,9251868.04,798012.9,  6° 45' 38.79 S,143° 41' 44.92 E,    
1241.93,16.23,184.17,1215.05,-71.32,210.9,-213.03,-30.08,1.13,-0.09,-4,9251860.11,798012.05,  6° 45' 39.05 S,143° 41' 44.89 E,    
1263.2,16.27,183.52,1235.47,-50.9,216.63,-218.96,-30.48,0.26,0.06,-0.92,9251854.18,798011.65,  6° 45' 39.24 S,143° 41' 44.88 E,    
1272.35,14.54,188.66,1244.29,-42.08,218.99,-221.38,-30.73,7.22,-5.67,16.85,9251851.76,798011.4,  6° 45' 39.32 S,143° 41' 44.87 E,    
1301.37,12.39,197.02,1272.52,-13.85,225.68,-227.96,-32.19,2.99,-2.22,8.64,9251845.18,798009.94,  6° 45' 39.54 S,143° 41' 44.83 E,    
1328.04,12.32,202.09,1298.57,12.2,231.38,-233.33,-34.1,1.22,-0.08,5.7,9251839.81,798008.03,  6° 45' 39.71 S,143° 41' 44.77 E,    
1356.94,13.31,204.33,1326.75,40.38,237.78,-239.22,-36.63,1.15,1.03,2.33,9251833.92,798005.5,  6° 45' 39.90 S,143° 41' 44.69 E,    
1385.86,15.82,212.09,1354.74,68.37,244.94,-245.59,-40.09,3.29,2.6,8.05,9251827.55,798002.04,  6° 45' 40.11 S,143° 41' 44.57 E,    
1414.74,19.85,214.79,1382.23,95.86,253.52,-252.96,-44.98,4.27,4.19,2.8,9251820.18,797997.15,  6° 45' 40.35 S,143° 41' 44.42 E,    
1443.61,21.89,214.46,1409.2,122.83,263.44,-261.42,-50.83,2.12,2.12,-0.34,9251811.72,797991.3,  6° 45' 40.63 S,143° 41' 44.23 E,    
1472.48,24.22,212.67,1435.77,149.4,274.41,-270.85,-57.07,2.53,2.42,-1.86,9251802.29,797985.06,  6° 45' 40.94 S,143° 41' 44.03 E,    
1501.28,27.53,209.62,1461.68,175.31,286.71,-281.61,-63.55,3.72,3.45,-3.18,9251791.53,797978.58,  6° 45' 41.29 S,143° 41' 43.82 E,    
1530.18,30.89,207.3,1486.9,200.53,300.64,-294.01,-70.26,3.68,3.49,-2.41,9251779.13,797971.87,  6° 45' 41.69 S,143° 41' 43.60 E,    
1559.13,33.14,207.03,1511.44,225.07,315.84,-307.67,-77.26,2.34,2.33,-0.28,9251765.47,797964.87,  6° 45' 42.14 S,143° 41' 43.38 E,    
1588.06,36.35,207.44,1535.21,248.84,332.18,-322.32,-84.81,3.34,3.33,0.43,9251750.82,797957.32,  6° 45' 42.62 S,143° 41' 43.13 E,    
1617.08,38.95,207.39,1558.19,271.82,349.73,-338.06,-92.97,2.69,2.69,-0.05,9251735.08,797949.16,  6° 45' 43.13 S,143° 41' 42.87 E,    
1645.99,41.67,206.37,1580.23,293.86,368.27,-354.74,-101.42,2.9,2.82,-1.06,9251718.4,797940.71,  6° 45' 43.67 S,143° 41' 42.60 E,    
1674.99,45,204.47,1601.32,314.95,388.06,-372.71,-109.95,3.7,3.44,-1.97,9251700.43,797932.18,  6° 45' 44.26 S,143° 41' 42.32 E,    
1704.01,45.43,204.37,1621.76,335.39,408.58,-391.47,-118.47,0.45,0.44,-0.1,9251681.67,797923.66,  6° 45' 44.87 S,143° 41' 42.05 E,    
1733.03,43.34,204.26,1642.5,356.13,428.81,-409.97,-126.82,2.16,-2.16,-0.11,9251663.17,797915.31,  6° 45' 45.47 S,143° 41' 41.78 E,    
1762.07,40.23,203.6,1664.15,377.78,448.09,-427.65,-134.67,3.24,-3.21,-0.68,9251645.49,797907.46,  6° 45' 46.05 S,143° 41' 41.53 E,    
1791.08,38.04,202.97,1686.65,400.28,466.36,-444.47,-141.91,2.3,-2.26,-0.65,9251628.67,797900.22,  6° 45' 46.60 S,143° 41' 41.30 E,    
1820.11,35.94,203.46,1709.84,423.47,483.79,-460.52,-148.8,2.19,-2.17,0.51,9251612.62,797893.33,  6° 45' 47.12 S,143° 41' 41.08 E,    
1849.11,33.9,203.22,1733.62,447.25,500.35,-475.76,-155.37,2.12,-2.11,-0.25,9251597.38,797886.76,  6° 45' 47.62 S,143° 41' 40.86 E,    
1878.15,31.45,203.51,1758.06,471.69,515.99,-490.15,-161.59,2.54,-2.53,0.3,9251582.99,797880.54,  6° 45' 48.09 S,143° 41' 40.66 E,    
1907.08,29.5,204.08,1782.99,496.62,530.62,-503.57,-167.51,2.04,-2.02,0.59,9251569.57,797874.62,  6° 45' 48.53 S,143° 41' 40.47 E,    
1936.01,28.27,205.38,1808.32,521.95,544.53,-516.27,-173.35,1.43,-1.28,1.35,9251556.87,797868.78,  6° 45' 48.94 S,143° 41' 40.29 E,    
1965.05,27.35,206.7,1834.01,547.64,557.99,-528.44,-179.3,1.14,-0.95,1.36,9251544.7,797862.83,  6° 45' 49.34 S,143° 41' 40.10 E,    
1993.96,25.53,207.19,1859.89,573.52,570.75,-539.92,-185.13,1.9,-1.89,0.51,9251533.22,797857,  6° 45' 49.71 S,143° 41' 39.91 E,    
2023.04,21.56,206.52,1886.55,600.18,582.27,-550.28,-190.38,4.1,-4.1,-0.69,9251522.86,797851.75,  6° 45' 50.05 S,143° 41' 39.74 E,    
2052.05,17.33,206.45,1913.9,627.53,591.85,-558.92,-194.68,4.37,-4.37,-0.07,9251514.22,797847.45,  6° 45' 50.33 S,143° 41' 39.60 E,    
2081.01,12.78,206.95,1941.86,655.49,599.31,-565.64,-198.06,4.72,-4.71,0.52,9251507.5,797844.07,  6° 45' 50.55 S,143° 41' 39.49 E,    
2110.04,8.76,205.59,1970.37,684,604.69,-570.5,-200.47,4.16,-4.15,-1.41,9251502.64,797841.66,  6° 45' 50.71 S,143° 41' 39.41 E,    
2139.06,5.58,202.16,1999.16,712.79,608.3,-573.8,-201.96,3.32,-3.29,-3.55,9251499.34,797840.17,  6° 45' 50.82 S,143° 41' 39.37 E,    
2168.05,3.33,193.37,2028.06,741.69,610.55,-575.92,-202.68,2.43,-2.33,-9.1,9251497.22,797839.45,  6° 45' 50.89 S,143° 41' 39.34 E,    
2197.07,0.03,185.77,2057.06,770.69,611.39,-576.75,-202.88,3.41,-3.41,-7.86,9251496.39,797839.25,  6° 45' 50.91 S,143° 41' 39.34 E,    
2226.03,0.03,261.79,2086.02,799.65,611.4,-576.76,-202.89,0.04,0,78.75,9251496.38,797839.24,  6° 45' 50.91 S,143° 41' 39.34 E,    
2255,0.07,96.04,2114.99,828.62,611.4,-576.76,-202.88,0.1,0.04,-171.64,9251496.38,797839.25,  6° 45' 50.91 S,143° 41' 39.34 E,    
2282.28,0.12,332.03,2142.27,855.9,611.38,-576.74,-202.87,0.19,0.05,-136.37,9251496.4,797839.26,  6° 45' 50.91 S,143° 41' 39.34 E,    
2311.31,0.31,302.28,2171.3,884.93,611.34,-576.67,-202.96,0.22,0.2,-30.74,9251496.47,797839.17,  6° 45' 50.91 S,143° 41' 39.33 E,    
2340.34,0.55,304.63,2200.33,913.96,611.29,-576.55,-203.14,0.25,0.25,2.43,9251496.59,797838.99,  6° 45' 50.91 S,143° 41' 39.33 E,    
2369.37,0.96,306.03,2229.36,942.99,611.18,-576.33,-203.45,0.42,0.42,1.45,9251496.81,797838.68,  6° 45' 50.90 S,143° 41' 39.32 E,    
2398.4,1.36,315.07,2258.38,972.01,610.96,-575.94,-203.89,0.45,0.41,9.34,9251497.2,797838.24,  6° 45' 50.89 S,143° 41' 39.30 E,    
2427.43,1.92,320.85,2287.4,1001.03,610.56,-575.32,-204.44,0.6,0.58,5.97,9251497.82,797837.69,  6° 45' 50.87 S,143° 41' 39.29 E,    
2456.46,2.78,327.79,2316.41,1030.04,609.87,-574.34,-205.12,0.93,0.89,7.17,9251498.8,797837.01,  6° 45' 50.84 S,143° 41' 39.26 E,    
2485.49,3.73,330.58,2345.39,1059.02,608.81,-572.93,-205.96,1,0.98,2.88,9251500.21,797836.17,  6° 45' 50.79 S,143° 41' 39.24 E,    
2514.52,4.85,334.3,2374.34,1087.97,607.32,-571,-206.96,1.19,1.16,3.84,9251502.14,797835.17,  6° 45' 50.73 S,143° 41' 39.20 E,    
2543.55,5.92,336.33,2403.24,1116.87,605.36,-568.52,-208.09,1.12,1.11,2.1,9251504.62,797834.04,  6° 45' 50.65 S,143° 41' 39.17 E,    
2572.58,7.27,337.71,2432.08,1145.71,602.9,-565.45,-209.39,1.4,1.4,1.43,9251507.69,797832.74,  6° 45' 50.55 S,143° 41' 39.12 E,    
2601.59,8.88,338.63,2460.8,1174.43,599.83,-561.67,-210.9,1.67,1.66,0.95,9251511.47,797831.23,  6° 45' 50.42 S,143° 41' 39.07 E,    
2630.59,10.75,339.57,2489.37,1203,596.06,-557.05,-212.66,1.94,1.93,0.97,9251516.09,797829.47,  6° 45' 50.27 S,143° 41' 39.01 E,    
2659.54,12.88,340.3,2517.71,1231.34,591.49,-551.48,-214.69,2.21,2.21,0.76,9251521.66,797827.44,  6° 45' 50.09 S,143° 41' 38.95 E,    
2688.5,15.17,341.03,2545.8,1259.43,586.01,-544.86,-217.01,2.38,2.37,0.76,9251528.28,797825.12,  6° 45' 49.88 S,143° 41' 38.87 E,    
2717.54,17.69,341.52,2573.65,1287.28,579.55,-537.08,-219.64,2.61,2.6,0.51,9251536.06,797822.49,  6° 45' 49.63 S,143° 41' 38.78 E,    
2734.47,18.95,341.82,2589.73,1303.36,575.35,-532.02,-221.32,2.24,2.23,0.53,9251541.12,797820.81,  6° 45' 49.46 S,143° 41' 38.73 E,    
2763.43,19.14,341.56,2617.1,1330.73,567.87,-523.05,-224.29,0.22,0.2,-0.27,9251550.09,797817.84,  6° 45' 49.17 S,143° 41' 38.63 E,    
2792.66,19.01,341.77,2644.73,1358.36,560.32,-513.99,-227.29,0.15,-0.13,0.22,9251559.15,797814.84,  6° 45' 48.88 S,143° 41' 38.53 E,    
2821.78,19.16,342.45,2672.24,1385.87,552.75,-504.92,-230.21,0.28,0.15,0.7,9251568.22,797811.92,  6° 45' 48.58 S,143° 41' 38.43 E,    
2850.76,19.45,343.75,2699.6,1413.23,545.03,-495.76,-233,0.54,0.3,1.35,9251577.38,797809.13,  6° 45' 48.28 S,143° 41' 38.34 E,    
2879.85,19.42,345.62,2727.03,1440.66,537.08,-486.42,-235.56,0.64,-0.03,1.93,9251586.72,797806.57,  6° 45' 47.98 S,143° 41' 38.26 E,    
2908.85,19.51,347.85,2754.37,1468,528.95,-477.02,-237.77,0.77,0.09,2.31,9251596.12,797804.36,  6° 45' 47.68 S,143° 41' 38.18 E,    
2937.82,19.92,348.95,2781.64,1495.27,520.57,-467.45,-239.74,0.57,0.42,1.14,9251605.69,797802.39,  6° 45' 47.36 S,143° 41' 38.12 E,    
2966.82,20.35,350.78,2808.87,1522.5,511.89,-457.62,-241.49,0.79,0.44,1.89,9251615.52,797800.64,  6° 45' 47.04 S,143° 41' 38.06 E,    
2995.74,20.19,352.73,2836,1549.63,503.02,-447.71,-242.93,0.72,-0.17,2.02,9251625.43,797799.2,  6° 45' 46.72 S,143° 41' 38.01 E,    
3024.74,19.53,355.24,2863.28,1576.91,494.13,-437.91,-243.96,1.12,-0.68,2.6,9251635.23,797798.17,  6° 45' 46.40 S,143° 41' 37.97 E,    
3053.79,18.93,357.49,2890.71,1604.34,485.33,-428.36,-244.57,0.98,-0.62,2.32,9251644.78,797797.56,  6° 45' 46.09 S,143° 41' 37.95 E,    
3082.67,18.89,359.81,2918.03,1631.66,476.58,-419.01,-244.79,0.78,-0.04,2.41,9251654.13,797797.34,  6° 45' 45.79 S,143° 41' 37.94 E,    
3111.62,18.57,2.24,2945.44,1659.07,467.76,-409.72,-244.63,0.87,-0.33,2.52,9251663.42,797797.5,  6° 45' 45.49 S,143° 41' 37.95 E,    
3140.61,18.07,3.52,2972.96,1686.59,459.03,-400.62,-244.17,0.66,-0.52,1.32,9251672.52,797797.96,  6° 45' 45.19 S,143° 41' 37.96 E,    
3161.72,17.72,4.33,2993.05,1706.68,452.78,-394.14,-243.73,0.61,-0.5,1.15,9251679,797798.4,  6° 45' 44.98 S,143° 41' 37.97 E,    
3174.01,17.96,4.22,3004.75,1718.38,449.14,-390.39,-243.45,0.59,0.59,-0.27,9251682.75,797798.68,  6° 45' 44.86 S,143° 41' 37.98 E,    
3202.86,20.43,10.27,3032,1745.63,439.88,-381,-242.22,3.29,2.57,6.29,9251692.14,797799.91,  6° 45' 44.55 S,143° 41' 38.02 E,    
3231.9,22.57,13.16,3059.02,1772.65,429.33,-370.58,-240.05,2.47,2.21,2.99,9251702.56,797802.08,  6° 45' 44.21 S,143° 41' 38.09 E,    
3260.96,25.48,17.71,3085.56,1799.19,417.54,-359.19,-236.88,3.56,3,4.7,9251713.95,797805.25,  6° 45' 43.84 S,143° 41' 38.19 E,    
3289.63,28.92,22.6,3111.06,1824.69,404.44,-346.91,-232.34,4.29,3.6,5.12,9251726.23,797809.79,  6° 45' 43.44 S,143° 41' 38.34 E,    
3318.64,31.43,25.46,3136.14,1849.77,389.92,-333.61,-226.39,2.99,2.6,2.96,9251739.53,797815.74,  6° 45' 43.01 S,143° 41' 38.53 E,    
3347.9,34.13,26.34,3160.74,1874.37,374.18,-319.36,-219.46,2.81,2.77,0.9,9251753.78,797822.67,  6° 45' 42.54 S,143° 41' 38.75 E,    
3377,37.83,27.37,3184.28,1897.91,357.23,-304.11,-211.74,3.86,3.81,1.06,9251769.03,797830.39,  6° 45' 42.05 S,143° 41' 39.00 E,    
3406.05,41.65,28.12,3206.61,1920.24,338.86,-287.68,-203.09,3.98,3.94,0.77,9251785.46,797839.04,  6° 45' 41.51 S,143° 41' 39.28 E,    
3435.05,45.36,30.78,3227.65,1941.28,319.21,-270.31,-193.26,4.28,3.84,2.75,9251802.83,797848.87,  6° 45' 40.94 S,143° 41' 39.59 E,    
3464.04,45.31,30.46,3248.02,1961.65,298.98,-252.57,-182.76,0.24,-0.05,-0.33,9251820.57,797859.37,  6° 45' 40.36 S,143° 41' 39.93 E,    
3492.98,44.9,28.71,3268.45,1982.08,278.8,-234.74,-172.64,1.35,-0.43,-1.81,9251838.4,797869.49,  6° 45' 39.78 S,143° 41' 40.26 E,    
3509.36,45.22,28.05,3280.02,1993.65,267.35,-224.54,-167.13,1.04,0.59,-1.21,9251848.6,797875,  6° 45' 39.45 S,143° 41' 40.44 E,    
3538.23,46.24,28.42,3300.17,2013.8,246.92,-206.33,-157.35,1.1,1.06,0.38,9251866.81,797884.78,  6° 45' 38.86 S,143° 41' 40.75 E,    
3567.25,47.11,28.54,3320.09,2033.72,226.07,-187.77,-147.28,0.9,0.9,0.12,9251885.37,797894.85,  6° 45' 38.25 S,143° 41' 41.08 E,    
3596.24,46.95,28.72,3339.85,2053.48,205.13,-169.15,-137.12,0.21,-0.17,0.19,9251903.99,797905.01,  6° 45' 37.64 S,143° 41' 41.40 E,    
3625.09,47.98,28.77,3359.35,2072.98,184.15,-150.51,-126.89,1.07,1.07,0.05,9251922.63,797915.24,  6° 45' 37.03 S,143° 41' 41.73 E,    
3654.13,47.89,29.08,3378.81,2092.44,162.89,-131.65,-116.47,0.26,-0.09,0.32,9251941.49,797925.66,  6° 45' 36.42 S,143° 41' 42.07 E,    
3683.19,46.94,29.94,3398.47,2112.1,141.83,-113.02,-105.93,1.18,-0.98,0.89,9251960.12,797936.2,  6° 45' 35.81 S,143° 41' 42.41 E,    
3711.86,46.04,30.36,3418.21,2131.84,121.4,-95.04,-95.49,0.99,-0.94,0.44,9251978.1,797946.64,  6° 45' 35.22 S,143° 41' 42.74 E,    
3740.87,45.17,30.86,3438.5,2152.13,101.06,-77.2,-84.93,0.97,-0.9,0.52,9251995.94,797957.2,  6° 45' 34.64 S,143° 41' 43.08 E,    
3770.13,46.02,31.07,3458.98,2172.61,80.58,-59.28,-74.18,0.88,0.87,0.22,9252013.86,797967.95,  6° 45' 34.06 S,143° 41' 43.43 E,    
3799.23,46.06,31.37,3479.18,2192.81,60.07,-41.37,-63.32,0.23,0.04,0.31,9252031.77,797978.81,  6° 45' 33.47 S,143° 41' 43.78 E,    
3828.28,47.33,31.56,3499.1,2212.73,39.4,-23.34,-52.28,1.32,1.31,0.2,9252049.8,797989.85,  6° 45' 32.88 S,143° 41' 44.14 E,    
3857.28,48.67,31.92,3518.51,2232.14,18.34,-5.01,-40.95,1.41,1.39,0.37,9252068.13,798001.18,  6° 45' 32.29 S,143° 41' 44.50 E,    
3886.27,50.16,32.29,3537.37,2251,-3.13,13.64,-29.25,1.57,1.54,0.38,9252086.78,798012.88,  6° 45' 31.68 S,143° 41' 44.88 E,    
3915.28,52.02,32.48,3555.59,2269.22,-25.13,32.7,-17.15,1.93,1.92,0.2,9252105.84,798024.98,  6° 45' 31.05 S,143° 41' 45.27 E,    
3944.27,52.95,32.83,3573.24,2286.87,-47.52,52.06,-4.75,1,0.96,0.36,9252125.2,798037.38,  6° 45' 30.42 S,143° 41' 45.67 E,    
3973.21,54.24,32.92,3590.42,2304.05,-70.17,71.62,7.9,1.34,1.34,0.09,9252144.76,798050.03,  6° 45' 29.78 S,143° 41' 46.08 E,    
4002.21,55.74,32.93,3607.05,2320.68,-93.27,91.56,20.81,1.55,1.55,0.01,9252164.7,798062.94,  6° 45' 29.13 S,143° 41' 46.50 E,    
4031.22,57.22,33.01,3623.07,2336.7,-116.78,111.85,33.97,1.53,1.53,0.08,9252184.99,798076.1,  6° 45' 28.47 S,143° 41' 46.92 E,    
4060.09,58.9,32.87,3638.35,2351.98,-140.6,132.41,47.29,1.75,1.75,-0.15,9252205.55,798089.42,  6° 45' 27.80 S,143° 41' 47.35 E,    
4089.09,60.56,33.03,3652.96,2366.59,-164.95,153.43,60.91,1.72,1.72,0.17,9252226.57,798103.04,  6° 45' 27.11 S,143° 41' 47.79 E,    
4118.11,62.02,33.37,3666.9,2380.53,-189.67,174.72,74.85,1.54,1.51,0.35,9252247.86,798116.98,  6° 45' 26.42 S,143° 41' 48.24 E,    
4147.1,63.4,33.88,3680.19,2393.82,-214.65,196.17,89.11,1.5,1.43,0.53,9252269.31,798131.24,  6° 45' 25.72 S,143° 41' 48.70 E,    
4183.39,66,34.25,3695.7,2409.33,-246.39,223.35,107.49,2.17,2.15,0.31,9252296.49,798149.62,  6° 45' 24.83 S,143° 41' 49.29 E,    
4203.97,67.76,34.49,3703.78,2417.41,-264.67,238.97,118.18,2.59,2.57,0.35,9252312.11,798160.31,  6° 45' 24.32 S,143° 41' 49.64 E,    
4226.71,69.2,34.48,3712.12,2425.75,-285.1,256.41,130.15,1.9,1.9,-0.01,9252329.55,798172.28,  6° 45' 23.75 S,143° 41' 50.02 E,    
4255.72,71.26,34.71,3721.94,2435.57,-311.45,278.88,145.65,2.14,2.13,0.24,9252352.02,798187.78,  6° 45' 23.02 S,143° 41' 50.52 E,    
4284.59,73.08,34.62,3730.78,2444.41,-337.97,301.48,161.28,1.89,1.89,-0.09,9252374.62,798203.41,  6° 45' 22.28 S,143° 41' 51.03 E,    
4313.58,75.19,34.4,3738.7,2452.33,-364.89,324.46,177.08,2.19,2.18,-0.23,9252397.6,798219.21,  6° 45' 21.53 S,143° 41' 51.54 E,    
4342.57,77.01,34.5,3745.66,2459.29,-392.07,347.67,193,1.89,1.88,0.1,9252420.81,798235.13,  6° 45' 20.77 S,143° 41' 52.05 E,    
4358.56,77.99,34.95,3749.12,2462.75,-407.13,360.5,201.89,2.01,1.84,0.84,9252433.64,798244.02,  6° 45' 20.35 S,143° 41' 52.34 E,    
4370,77.99,34.95,3751.51,2465.14,-417.91,369.67,208.3,0,0,0,9252442.81,798250.43,  6° 45' 20.05 S,143° 41' 52.55 E,Straight line projection to TD 
